Country,Name,Breeder and Vendor,Parentage,Characteristics,Resistance,Susceptibility,Tolerant,PVP/Patent #,Market Class,Source,Direct harvest suitability,Yield,Maturity,Seed weight
USA,0863 PER (EX 08560863),"Seminis Vegetable Seeds, Inc",Myocoba/2//Peruano/Etna,"1a growth habit-bush-determinate, Mid-season maturity, days to maturity-95, days to flowering-55 (50% bloom)",Bean common mosaic (I gene resistant),,,200900276,Peruano,,,,,
USA,Adams (B18504),Michigan State University,Zenith/X12018,"Medium maturity (96 days) /3a Vine-indeterminate, short guides with no ability to climb, 45 days to 50% bloom","Bean common mosaic virus (NL3), anthracnose (Race 73 &109)",common bacterial blight,,,Black,"Journal of Plant Registrations 2021, 15(2): 253-259",,,,
USA,Alpena (N11283),Michigan State University,Medalist/N08003,"Medium maturity (99 days), 2a erect growth habit-indeterminate, guides (runners) short or not developed, adapted to direct harvest, 45 days to 50% bloom",Bean Common Mosaic Virus (non-necrotic strains),"Bean Common Mosaic Virus (BV1, NL4, Mexican, NY15, and Florida Type)",,201700007,Navy,"Journal of Plant Registrations 2015, 9(1): 10-14",,,,
USA,Aries (05106),"ProVita, Inc",Matterhorn/NE94-75,"Early maturity (88 days), 2b erect growth habit-indeterminate, guides medium to long, with no ability to climb, adapted to direct harvest",,,,201200165,Great Northern,,,,,
USA,Aspen (ISB 565),Idaho Seed Bean Co,Midnight Black Turtle/ISB 456,"Medium maturity (90-100), days to maturity-91, 2a growth habit-erect, indeterminate, guides short or not developed, days to flowering-50 (50% bloom)",Bean common mosaic virus (All),common bacterial blight,"halo blight, Rhizoctonia root rot, rust",9600251,Navy,,,,,
USA,Avalanche (NDO12103),NDSU Research Foundation,96-177-01-01//Voyager/Black Knight,"2a growth habit- erect indeterminate, late-season maturity, days to maturity-103, days to flowering-55 (50% bloom)","Bean common mosaic virus (All races of necrotic strain), rust (40-42, 52-57, 59-61), air pollution","white mold, anthracnose 7 & 73",,200900222,Navy,"Journal of Plant Registrations 2011, 5(2): 170-176",,,,
USA,Baja (99204),ProVita Inc,Winchester/85312,"Early season maturity (80-90), 2b growth habit- erect, indeterminate, guides medium to long with no ability to climb, days to maturity-84, days to flowering-45 (50% bloom)","Bean common mosaic virus (NY 15, NL 8)/rust",,,200700298,Pinto,,,,,
USA,Bandit (B210237),Archer-Daniels-Midland Co,T39/Midnight,"Medium maturity (90 days), 2a erect growth habit-indeterminate, guides (runners) short or not developed, adapted to direct harvest, 53 days to 50% bloom",,,white mold,200700089,Black,,,,,
USA,Bella (PR1217-16),University of Puerto Rico Agricultural Experiment Station and the USDA-ARS,‘Verano’//PR0003-124/‘Raven’,"multiple disease–resistant, early maturity, erect plant architecture, and good pod-set cultivar adapted to the humid tropics","Bean common mosaic virus (BCMV),",,,,Navy,"Journal of Plant Registrations 2008, 2(3): 187-189",,,,
USA,BELLAGIO (C06808),Michigan State University,101800/C03129,"Medium maturity (96 days), 3a vine-indeterminate, short guides with no ability to climb, not adapted to direct harvest, 43 days to 50% bloom","anthracnose (Race 73), Bean common mosaic virus (All strains), rust (Michigan Isolates)","Bean common mosaic necrosis virus (All strains), common bacterial blight (Michigan Isolates), white mold (Michigan Isolates)",,201100450,Cranberry,"Journal of Plant Registrations 2010, 4(3): 171-174",,,,
USA,Beryl R (RDG689),"Syngenta Seeds, Inc",BelMiNeb-RMR-3/Beryl,"Early maturity (81 days), 3a vine-indeterminate, short guides with no ability to climb, not adapted to direct harvest, 42 days to 50% bloom","rust (All known races except 108), Bean common mosaic virus (Races controlled by the ""I"" gene)",,,200600224,Great Northern,,,,,
USA,Big Red (09351),"ProVita, Inc",CELRK/Foxfire,"Medium maturity (92 days), 1a bush-determinate, strong and erect stem, and branches, adapted to direct harvest, 42 days to 50% bloom",,,,201400392,Navy,,,,,
USA,BigHorn (ISB-20),Idaho Seed Bean Company,selected from USWA 12,"Medium maturity (91 days), 2a erect growth habit- indeterminate, guides (runners) short or not developed, adapted to direct harvest","Bean common mosaic virus, Curly Top, NY-15 Bean Mosaic, Bean mosaic virus 4","yellow bean mosaic virus, Fusarium root rot",,200200214,Great Northern,,,,,
USA,Black Bear (12576),"ProVita, Cooperative Elevator Company & ATM",05222/Jaguar,"late maturity (103 days), 2b erect growth habit-indeterminate, guides medium to long, with no ability to climb, adapted to direct harvest, 54 days to 50% bloom",Bean common mosaic virus (I gene),rust,,201800186,Black,"Journal of Plant Registrations 2021, 15(2): 253-259",,,,
USA,Black Cat (06252),"ADM Edible Bean Specialties, Inc",Raven/99077,"Medium maturity (94 days), 2b erect growth habit-indeterminate, guides medium to long, with no ability to climb, adapted to direct harvest",anthracnose (Race 7),anthracnose (Race 73),,201400412,Black,,,,,
USA,Black Tails (13489),"ProVita, Cooperative Elevator Company & ATM",Vigilant/Eclipse,"Medium maturity (98 days), 2b erect growth habit-indeterminate, guides medium to long with no ability to climb, adapted to direct harvest, 47 days to 50% bloom",rust /Bean common mosaic virus (I gene),,,201700205,Black,,,,,
USA,Blackhawk (B83302),Michigan State University,Tuscola/CN49-242//Black Magic/3/Midnight,"late maturity (101 days), 2a erect growth habit- indeterminate, guides (runners) short or not developed, adapted to direct harvest, 51 days to 50% bloom","anthracnose (Alpha, Beta, Gamma, Delta, Epsilon, Lambda), Bean common mosaic virus (All strains)",,Rust (Michigan Isolates),9000107,Black,"Crop Science 1990, 30(3): 744-745",,,,
USA,Blackjack (GTS 0886),"Gen-Tec Seeds, Limited",T39/8/T39/PI 326418,"Medium maturity (94 days), 2a erect growth habit-indeterminate, guides (runners) short or not developed, not adapted to direct harvest, 41 days to 50% bloom","Bean common mosaic virus (1, 15), anthracnose (Alpha, Beta, Gamma, Delta)","bacterial blight (common & fuscans), white mold",,9200164,Black,,,,,
USA,Blizzard (08072),"ProVita, Cooperative Elevator Company & ATM",Vista/HMS Medalist,"Medium maturity (94 days), 2b erect growth habit- indeterminate, guides medium to long, with no ability to climb, adapted to direct harvest, 48 days to 50% bloom",Bean common mosaic virus (I gene),,,201700206,Navy,,,,,
USA,Canario 707 (UC Canario 707),University of California,84 VA-909/PAD 2,"late maturity (105 days), 1a bush-determinate, strong and erect stem and branches, not adapted to direct harvest, 42 days to 50% bloom",Bean common mosaic virus (All strains),,,200300257,Yellow,,,,,
USA,Capri (C99833),Michigan State University,Cardinal/K94803,"Mid-season maturity, days to maturity-97, 1a growth habit- bush, determinate with strong and erected stem and branches, days to flowering-37 (50% bloom)","rust (Michigan isolates), Bean common mosaic virus (All Strains)","Bean common mosaic necrosis virus, common bacterial blight",,200700411,Cranberry,"Crop Science 2006, 46(6): 2706-2707",,,,
USA,Cayenne (R12844),Michigan State University,SR9-5/R09508,"Medium maturity (97 days), 3a vine-indeterminate, short guides with no ability to climb, 45 days to 50% bloom","Bean common mosaic virus, common bacterial blight","anthracnose (Race 73), rust (22:2)",,,Small Red Bean,"Journal of Plant Registrations 2018, 12(2): 194-198",,,,
USA,Centennial (CO 91212-4),Colorado State University,Croissant/La Paz,"Type 2b growth habit, mid-season maturity (90-100), days to maturity- 98, days to flowering 47 (50% bloom)","rust resistance (Ur3), Bean common mosaic virus (NL3)",,,201600259,Pinto,,,,,
USA,Chaparral (07323),ProVita Inc,Emperor/Red Kanner,"Type 1a growth habit, days to maturity-93, mid-season maturity (90-100), days to flowering 42 (50% bloom)",,"anthracnose (Race 6), halo blight (Race 6)",,201600139,Dark Red Kidney,,,,,
USA,Charro (P16901),Michigan State University,Eldorado/P11519,"medium maturity (97 days), 3a vine-indeterminate, short guides with no ability to climb, 46 days to 50% bloom",,"anthracnose (Race 73), common bacterial blight",,,Pinto,"Journal of Plant Registrations 2012, 15(2): 260-264",,,,
USA,Cisco (PT 84354),Rogers NK Seed Co,Amber/Ivory,"Medium maturity (95 days), 2b erect growth habit-indeterminate, guides medium to long, with no ability to climb, adapted to direct harvest, 48 days to 50% bloom","Bean common mosaic virus (NY15 & BV1), curly top","rust, white mold","brown spot, common bacterial blight",9100026,Pinto,,,,,
USA,Clouseau (EX 08530714),"Seminis Vegetable Seeds, Inc",Pink Panther/ZAA3MntAAK,"Medium maturity (93 days), 2a erect growth habit-indeterminate, guides (runners) short or not developed, adapted to direct harvest, 55 days to 50% bloom","Bean common mosaic virus (""I"" gene resistance to all races), Aphanomyces root rot (All known)",,,200700158,Light Red Kidney,,,,,
USA,Coho (K15601),Michigan State University,Red Cedar/K11916,"Medium maturity (99 days), 1a bush-determinate, strong and erect stem, and branches, 39 days to 50% bloom","Bean common mosaic virus, common bacterial blight, anthracnose (Race 73)","Bean common mosaic virus (NL3 & NL8), anthracnose (Race 7)",root rot,,Light Red Kidney,"Journal of Plant Registrations 2020, 14(2): 134-138",,,,
USA,Condor (B00101),Michigan State University,Phantom/Black Jack,"Medium maturity (95 days), 2a erect growth habit-indeterminate, guides (runners) short or not developed, adapted to direct harvest, 49 days to 50% bloom","anthracnose (7, 73), Bean common mosaic virus (All strains), rust (Michigan isolates)",Bean common mosaic necrosis virus (All strains),white mold (Michigan isolates),200500291,Black,"Crop Science 2005, 45(2): 795-796",,,,
USA,Cowboy (11278),"ProVita, Edible Bean Specialties, Inc",La Paz/Sinaloa,"Medium maturity (93 days), 2b erect growth habit-indeterminate, guides medium to long, with no ability to climb, adapted to direct harvest, 54 days to 50% bloom",,,,201600321,Pinto,,,,,
USA,Coyne (NE1-06-12),"University of Nebraska-Lincoln, Farmers Bean LLC",G95023/Weihing//BelMiNeb-RMR-11),"2b growth habit-upright indeterminate, mid-season maturity (90-100), days to maturity-92, days to flowering-46 (50% bloom)","bean common rust (41, 44, 47, 53, 73, 108), common bacterial blight (Nebraska Isolates, SC-4A, and LB-72), Bean common mosaic virus",,,200900303,Great Northern,"Journal of Plant Registrations 2009, 3(3): 219-222",,,,
USA,Cran 09 (bush Cran 09),"GenTec, Inc",UI 50/Taylor Hort,"Early maturity (86 days), 1a bush-determinate, strong and erect stem, and branches, not adapted to direct harvest, 41 days to 50% bloom",Bean common mosaic virus (15),"Bean common mosaic virus (1), anthracnose (Alpha, Beta, Gamma, Delta), common blight (phaseoli and fuscans), white mold",,9200176,Cranberry,,,,,
USA,Croissant (CO 23704),Colorado State University,BelDakMi-RR-3/CO07010-2//WM2-93-5,"Mid-season maturity (90-100), days to maturity-104, 2b growth habit-erect, indeterminate, days to flowering-51 (50% bloom)","rust, Bean common mosaic virus (NL3)","white mold, anthracnose (73, Alpha & Delta)",common bacterial blight,200900274,Pinto,"Journal of Plant Registrations 2011, 5(3): 299-303",,,,
USA,D83043 (D83043),Rogers NK Seed Co,W-95-4/7383-2-3-1,"Medium maturity (97 days), 2b erect growth habit- indeterminate, guides medium to long, with no ability to climb, adapted to direct harvest, 52 days to 50% bloom","Bean common mosaic virus (NY 15, BV 1), rust (44)","anthracnose (Delta), rust (40, 46, 49, 51, 53, 58, 67)","Fusarium root rot, white mold",8900190,Navy,,,,,
USA,Desert Song (R11801),Michigan State University,X07712/X07721,"late maturity (100 days), 4a Indeterminate climbing, pods distributed throughout the plant, 41 days to 50% bloom",Bean common mosaic virus (NL3),"anthracnose (Race 73), common bacterial blight, white mold",,,Flor de Junio,"Journal of Plant Registrations 2015, 9(2): 133-137",,,,
USA,Draco (06107),"ProVita, Inc",Matterhorn/Winchester,"Medium maturity (90 days), 2b erect growth habit-indeterminate, guides medium to long, with no ability to climb, adapted to direct harvest, 50 days to 50% bloom",,,,201400414,Great Northern,,,,,
USA,Drake (XP B279),Seminis Vegetable Seeds Inc,backcross I gene to Charlevoix,"Early maturity (89 days), 1a bush- determinate, strong and erect stem and branches adapted to machine harvest, 47 days to 50% bloom",Bean common mosaic virus (I),,,9300225,Dark Red Kidney,,,,,
USA,Durango (99230),ProVita Inc,Winchester/Chase,"Early Season maturity (80-90), days to maturity-84, 2b growth habit-erect, indeterminate, days to flowering-45 (50% bloom)","Bean common mosaic virus (I), rust (Ur3)",,,200700299,Pinto,,,,,
USA,Eclipse (ND9902621-2),NDSU Research Foundation,Tacaragua/Nighthawk//Navigator,"Medium maturity (95 days), 2a erect growth habit-indeterminate, guides (runners) short or not developed, adapted to direct harvest/45 days to 50% bloom","Rust (82-84, 89-92, 95, 99, 40-42, 52-57, 59-61, 76, 79), Bean common mosaic virus(I), air pollution","anthracnose (73), common blight, cold drought",Heat,200500293,Black,"Bean Improvement Cooperative 2009, 52:175",,,,
USA,Eiger (G16351),Michigan State University,Eldorado/G13467,"Medium maturity (98 days), 3a vine-indeterminate, short guides with no ability to climb, 44 days to 50% bloom","Bean common mosaic virus (NL3), anthracnose (Race 73 &109)",common bacterial blight,,,Great Northern,"Journal of Plant Registrations 2021, 15(2): 271-277",,,,
USA,Eldorado (P07863),Michigan State University,AN-37/P02630,"Medium maturity (98 days), 2b erect growth habit-indeterminate, guides medium to long, with no ability to climb, adapted to direct harvest, 42 days to 50% bloom",Bean common mosaic virus (All strains),"anthracnose (Races 7 and 73), Bean common mosaic necrosis virus (All strains), common bacterial blight (Michigan Isolate), rust (Michigan 22:2)",white mold (Michigan isolates),201500008,Pinto,"Journal of Plant Registrations 2012, 6(3): 233-237",,,,
USA,Ember (D79144),Rogers NK Seed Co,Limelight/UI 37,"Early maturity (84 days), 2b erect growth habit-indeterminate, guides medium to long, with no ability to climb, adapted to direct harvest, 47 days to 50% bloom",Bean common mosaic virus (NY15 & BV1),,,9000234,Small Red,,,,,
USA,Ensign (ROG 372),"Novartis Seeds, Inc",Crestwood/D80024,"Medium maturity (91 days)/IIb erect growth habit-indeterminate, guides medium to long, with no ability to climb, adapted to direct harvest, 51 days to 50% bloom","Bean common mosaic virus (NL3, NL8, NY15)","anthracnose (Alpha), common bacterial blight",anthracnose (73),9900273,Navy,,,,,
USA,Epic (09430),ProVita Inc,02-2668/Red Hawk,"Type 1a growth habit, days to maturity-94, mid-season maturity (90-100), days to flowering- 39 (50% bloom)",,"anthracnose Race 6, halo blight Race 6",,201600108,Dark Red Kidney,,,,,
USA,Felspar,Rogers Brothers Seed Co,D80/ UI 114,"Early Season (80-90), days to maturity-88, 3a growth habit- vine-indeterminate, short guides with no ability to climb",Bean common mosaic virus (BV & NY15),common bacterial blight,,8600089,Great Northern,,,,,
USA,Floyd (ROG312R),"Syngenta Seeds, Inc",Pk 771912-5/Sutter,"Early maturity (84 days), 2a vine-indeterminate, short guides with no ability to climb, adapted to direct harvest, 44 days to 50% bloom",rust (All except race 108),Bean common mosaic virus,,200500211,Pink,,,,,
USA,Galeena (99195MR),ProVita Inc,Winchester/NE 94-75,"Early maturity (88 days), 2b erect growth habit- indeterminate, guides medium to long, with no ability to climb, adapted to direct harvest, 44 days to 50% bloom","rust (Nebraska, Colorado, Kansas), Bean common mosaic virus (NY15)",,,201100006,Pinto,,,,,
USA,Gemini (99131 NS),"ProVita, Kelley Bean Co",Beryl/Winchester,"Early maturity (87 days), 3a vine- indeterminate, short guides with no ability to climb, not adapted to direct harvest, 39 days to 50% bloom",Bean common mosaic virus (I-gene),rust (All),,200900463,Great Northern,,,,,
USA,Grand Mesa (CO 75511),Colorado State University,34596-1/RNK-178,"Medium maturity (92 days), 2b erect growth habit-indeterminate, guides medium to long, with no ability to climb, adapted to direct harvest, 51 days to 50% bloom","Rust (Races 41, 53, 54), Bean common mosaic virus (Pathogroups I, II, III, IV, V, VI)",,Fusarium root rot,200200156,Pinto,"Crop Science 2005, 45(1): 413",,,,
USA,GTS 900 (GTS 900),Gen-Tec Seeds Limited,Earliray/Sierra,"Medium maturity (91 days), 2b erect growth habit-indeterminate, guides medium to long, with no ability to climb, adapted to direct harvest, 41 days to 50% bloom","Bean common mosaic virus (1, 15)/anthracnose (Alpha, Beta, Gamma, Delta)",common bacterial blight (phaseoli and fuscans),,9900252,Pinto,,,,,
USA,Guardian (D83353),Rogers NK Seed Co,Red Kloud-4/Montcalm,"Medium maturity (95 days), 1a bush- determinate, strong and erect stem and branches adapted to direct harvest, 44 days to 50% bloom","Bean common mosaic virus (NY 15, BV 1)",,,8900192,Dark Red Kidney,,,,,
USA,Gypsy Rose (R11806),Michigan State University,X07710/X07714,"late maturity (105 days), 4a indeterminate climbing, pods distributed throughout the plant, 49 days to 50% bloom",Bean common mosaic virus (NL3),"anthracnose (Race 73), common bacterial blight, white mold",,,Flor de Mayo,"Journal of Plant Registrations 2015, 9(2): 133-137",,,,
USA,Hatton (88-025-02),NDSU Research Foundation,PX-057/87-071-01,"Medium maturity (90-100), days to maturity-94, 3a growth habit- vine-indeterminate, short guides with no ability to climb, days to flowering-41 (50% bloom)","Bean common mosaic virus (Pathogroups I, II, III, IV, VII), air pollution","rust (North Dakota isolates), white mold, common bacterial blight (North Dakota isolates)",,9600109,Pinto,"Crop Science 1997, 37(1): 288",,,,
USA,HMS Medalist (01054),ProVita Inc,Mayflower/Avanti,"2b growth habit-erect, indeterminate, guides medium to long with no ability to climb, mid-season maturity (90-100), days to maturity-96, days to flowering-53 (50% bloom)","Bean common mosaic virus (I gene resistant), anthracnose (Race 7)",anthracnose (Race 73 & 65),,200700330,Navy,,,,,
USA,Hooter (EX 386),"Seminis Vegetable Seeds, Inc",Cos 7/Etna,"Medium maturity (98 days), 1a bush-determinate, strong and erect stem, and branches, adapted to direct harvest, 45 days to 50% bloom","Bean common mosaic virus (""I"" gene resistance to all races), anthracnose (resistant/moderately resistant to Alpha, Delta, Gamma)",,,9900244,Cranberry,,,,,
USA,Horizon (XP-B212),Asgrow Seed Co,backcrossing I gene with Sacramento,"Early maturity (83 days), 1a bush- determinate, strong and erect stem, and branches, adapted to direct harvest, 45 days to 50% bloom",Bean common mosaic virus (I gene),,,8900217,Light Red Kidney,,,,,
USA,Hungerford (UIG4-6P-3P),University of Idaho,Matterhorn/Starlight//Beryl/Weihing,"Medium maturity (95 days), 3b vine-indeterminate, long guides with ability to climb, not adapted to direct harvest, 45 days to 50% bloom","Bean common mosaic virus (NY15, US6), rust (Race 38)",,rust (Race 53),200900310,Great Northern,"Journal of Plant Registrations 2008, 2(3): 174-179",,,,
USA,Hydra (07111),"ProVita, Inc",Emerson/99-3059-1,"Early maturity (89 days), 2b vine-indeterminate, long guides with ability to climb, not adapted to direct harvest, 48 days to 50% bloom",,,,201400415,Great Northern,,,,,
USA,Indi (N5027557),Archer-Daniels-Midland Co,Vista/Navigator,"Medium maturity (95 days), 2b erect growth habit- indeterminate, guides medium to long, with no ability to climb, adapted to direct harvest, 47 days to 50% bloom","Bean common mosaic virus (I gene), rust (Race 53)","Bean common necrosis virus (NL3), anthracnose (Race 73), common bacterial blight (All)",,201000192,Navy,,,,,
USA,Kimberly (UIP7-24P-2P),University of Idaho,Poncho/G 17341//Kodiak/BelDakMi-RMR-14,"Medium maturity (97 days), 3b vine-indeterminate, long guides with ability to climb, not adapted to direct harvest, 43 days to 50% bloom","Bean common mosaic virus (NY15, US6), Bean common necrosis mosaic virus (NL-3K), rust (Race 38)",rust (Race 53),Fusarium root rot/curly top virus,200900306,Pinto,"Journal of Plant Registrations 2008, 2(3): 180-186",,,,
USA,Krimson (BD1003),USDA-ARS,Cardinal/Ps98-302-5-5,"Medium maturity (93 days), 1a bush- determinate, strong and erect stem and branches adapted to direct harvest, 35 days to 50% bloom","Bean curly top virus (Idaho, Washington), Bean common mosaic virus (All strains)",,,201100480,Cranberry,"Journal of Plant Registrations 2012, 6(1): 11-14",,,,
USA,La Paz (99236),"ProVita, Inc",PNE 6-94-75/Kodiak,"Medium maturity (90 days), 3b vine-indeterminate, long guides with ability to climb, adapted to direct harvest, 44 days to 50% bloom",Bean common mosaic virus (NL8),,,200500219,Pinto,,,,,
USA,Lariat (ND 020069),NDSU Research Foundation,T1255/'Aztec'//'Winchester'/3/P96753/4/'Maverick',"late maturity, days to maturity-100, 2b growth habit-erect, indeterminate, guides medium to long with no ability to climb, days to flowering- 45 (50% bloom)","rust (40-42, 52-57, 59-61), anthracnose (Race 7), air pollution",anthracnose (Race 73),,2000800305,Pinto,"Journal of Plant Registrations 2010, 4(1): 5-11",,,,
USA,Long's Peak (C055646),"Colorado State University, Parentage: CO92905/CO75944",CO92905/CO75944,"Medium maturity (97 days), 2b erect growth habit-indeterminate, guides medium to long, with no ability to climb/adapted to direct harvest, 49 days to 50% bloom","rust (Ur 6), Bean common mosaic virus (NL 3)",,,201200395,Pinto,"Journal of Plant Registrations 2015, 9(3): 279-282",,,,
USA,Loreto (00044),"ProVita, Inc",Mackinac/Jaguar,"Medium maturity (96 days), 2b erect growth habit-indeterminate, guides medium to long, with no ability to climb, adapted to direct harvest, 52 days to 50% bloom","rust (UR3), Bean common mosaic virus (NL3 and NL8), anthracnose (Races 73 and 65)",,,200700297,Black,,,,,
USA,Luckystrike (X1380012B),Archer-Daniels-Midland Co,CAN47/G5707,"Medium maturity (98 days), 2a erect growth habit- indeterminate, guides (runners) short or not developed, adapted to direct harvest, 48 days to 50% bloom",Bean common mosaic virus (All),Bean common mosaic necrosis virus (All),common bacterial blight (Michigan),201000191,Yellow,,,,,
USA,Mariah (EX 08540800),"Seminis Vegetable Seeds, Inc",H9657-42-2/Buster,"Medium maturity (93 days), 2a erect growth habit-indeterminate, guides (runners) short or not developed, adapted to direct harvest, 50 days to 50% bloom","BCMV (I), rust (Race 53)",,,200700157,Pinto,,,,,
USA,Medicine Hat (EX 08550813),"Seminis Vegetable Seeds, Inc",98yt102/Buster,"Early maturity (89 days), 2a erect growth habit-indeterminate, guides (runners) short or not developed/adapted to direct harvest, 35 days to 50% bloom",,"Bean common mosaic virus (NY15), rust (Race 53)",,200700160,Pinto,,,,,
USA,Merlin (03019),"ProVita, Cooperative Elevator Co",Mackinac/98-1184-1,"Medium maturity (94 days), 2b erect growth habit- indeterminate, guides medium to long, with no ability to climb, adapted to direct harvest, 49% days to 50% bloom","Bean common mosaic virus (I), anthracnose (Race 7), rust (Nebraska, Colorado,",,,201100392,Navy,,,,,
USA,Merlot (R98026),Michigan State University & USDA-ARS,R94037/R94161,"Medium maturity (95 days), 2a erect growth habit-indeterminate, guides (runners) short or not developed, adapted to direct harvest, 45 days to 50% bloom","Rust (Races 41, 53, 108)/Bean common mosaic virus (NL-1, NL-2, NL-7)",common bacterial blight (Michigan Isolates),,200500181,Small Red,"Crop Science 2004, 44(1): 351-352",,,,
USA,Messina (ROG912),"Novartis Seeds, Inc",Cran 028(MSU)/MSU 81001,"Early maturity (83 days)/Ib bush-determinate, weak steam and branches/adapted to direct harvest, 40 days to 50% bloom","Bean common mosaic virus (NL3, NL8, NY15, BV1, NL5), anthracnose (Alpha, Delta)","common bacterial blight, curly top virus, bacterial brown spot",,200000184,Cranberry,,,,,
USA,Monterrey (06185),ADM Edible Bean Specialties Inc,La Paz/BelDakMi-RMR-14,"Medium maturity (93 days), 2b erect growth habit-indeterminate, guides medium to long, with no ability to climb, adapted to direct harvest, 43 days to 50% bloom",,,,201300354,Pinto,,,,,
USA,ND Palomino (SF 103-8),North Dakota State University & USDA,Santa Fe/PS08-103,"Medium maturity (102 days), 2a erect growth habit- indeterminate, guides (runners) short or not developed, adapted to direct harvest, 42 days to 50% bloom",Bean common mosaic virus (I),"common bacterial blight, rust (20-3), anthracnose (Race 73)",,201700085,Slow Darkening Pinto,"Journal of Plant Registrations 2018, 12(1): 15-20",,,,
USA,ND-307 (ND010307),NDSU Research Foundation,USPT-CBB-3/Matterhorn//Maverick,"Mid-season maturity, days to maturity-93, 3a growth habit-erect, indeterminate, runners short or not developed, days to flowering- 42 (50% bloom)","Rust (40-42, 52-57, 59-61, 68-70, Bean common mosaic virus, air pollution","white mold (all), Bean common mosaic necrosis virus, anthracnose (Race 73)",,200900009,Pinto,"Journal of Plant Registrations 2020, 4(2): 109-114",,,,
USA,Orion (99124),"ProVita, Kelley Bean Co",Beryl/Matterhorn,"Medium maturity (90 days), 2b erect growth habit-indeterminate, guides medium to long, with no ability to climb, adapted to direct harvest, 44 days to 50% bloom",Bean common mosaic virus (all non-necrotic races),,,200400176,Great Northern,,,,,
USA,Panhandle Pride,"University of Nebraska-Lincoln, Farmers Bean LLC",ABC-Weihing///G95023/Weihing//BelMiNeb-RMR-11),"2b growth habit-upright indeterminate, Mid Season maturity (85-89), days to maturity-87, days to flowering-44 (50% bloom)","Bean Common Rust (41, 44,",,,Pending,Great Northern,"Journal of Plant Registrations 2019, 13(3): 311-315",,,,
USA,Patron (DBY60-1),Oregon State University,Peruano 87/3//Peruano 87/Cardinal,"Medium maturity (100 days), 1a bush- determinant, strong and erect stem and branches, adapted to direct harvest, 42 days to 50% bloom","Bean common mosaic virus (BV1, NL4, Mexican, NY15, NL8, Western, NL2, Florida, Type, NL3, Idaho, I gene), curly top virus",rust,,201700233,"Yellow, Peruano, & Mayocoba",,,,,
USA,Pilgrim (PVD 865),Wilbur-Ellis Co,(Taylor Cranberry x DB 610248) x DB 610525 x^2 Taylor Cranberry,"Early maturity (86 days), 1a bush-determinate, strong and erect stem, and branches, 35-37 days to 50% bloom","Fusarium root rot, Pythium wilt, Bean common mosaic virus (BV1, BV2 & NY15), bean yellow mosaic virus, curly top, leafhopper, two-spotted mites, heat, drought","rust, halo blight, aphids, lygus, pod borer, air pollution",,8300037,Cranberry,,,,,
USA,Pinata (ISB 82-354),Idaho Seed Bean Co,Red Mexican UI 36/Pinto UI 114,"3a growth habit-vine-indeterminate, short guides with no ability to climb, early maturity (80-90), days to maturity-88, days to flowering-42 (50% bloom)","curly top virus, Bean common mosaic virus (NL 1&8)",,,900171,Pinto,,,,,
USA,Powderhorn (G08254),Michigan State University,G04514/Matterhorn,"Upright growth habit, days to maturity-95, medium maturity (90-100), days to flowering-42 (50% bloom)",Bean common mosaic virus (All strains),"anthracnose (Races 7 & 73), Bean common mosaic necrosis virus (All strains), common bacterial blight (Michigan Isolate), rust (Michigan isolate 22-2)",white mold (Michigan isolates),201500385,Great Northern,"Journal of Plant Registrations 2014, 8(1): 1-4",,,,
USA,Prize (GTS 0686),"Gen-Tec Seeds, Limited","C15 (Laker)/KW ""Are""","late maturity (106 days), 1a bush-determinate, strong and erect stem, and branches, adapted to direct harvest, 44 days to 50% bloom","Bean common mosaic virus (1, 15), anthracnose (Alpha, Beta, Gamma, Delta)","bacterial blight (common & fuscans), white mold",,9200186,Navy,,,,,
USA,Radiant (12324-1),"ProVita, ADM Edible Bean Specialties, Inc",Sinaloa/SDP 1533,"Early maturity (83 days), 2b erect growth habit-indeterminate, guides medium to long, with no ability to climb, adapted to direct harvest, 53 days to 50% bloom",,,,201600322,Slow Darkening Pinto,,,,,
USA,Red Cedar (K1306),Michigan State University,K06621/USDK-CBB-15,"late maturity (101 days), 1a bush-determinate, strong and erect stem and branches, 40 days to 50% bloom",common bacterial blight/anthracnose (Race 73),"Bean common mosaic virus (NL3 & NL8), rust (22:2)",root rot,,Dark Red Kidney,"Journal of Plant Registrations 2018, 12(2): 199-202",,,,
USA,Red Dog (09354),ProVita Inc,USWA 33/ K-59,"Type 1a growth habit, days to maturity-93, days to flowering-43 (50% bloom), mid-season maturity (90-100)",,,,201500392,Light Red Kidney,,,,,
USA,Red Flag (09353),ProVita Inc,Red Kloud/ Chinook 2000,"Type 1a growth habit, days to maturity-94, Medium maturity (90-100), days to flowering-42 (50% bloom)",,,,201500390,Light Red Kidney,,,,,
USA,Red Rover (EX 08520700),"Seminis Vegetable Seeds, Inc",Drake/ZAA3MntAAK,"Medium maturity (92 days), 1a bush-determinate, strong and erect stem, and branches, adapted to direct harvest, 38 days to 50% bloom","Bean common mosaic virus (""I"" gene resistance to all races), Aphanomyces root rot (none known)",,,200700159,Dark Red Kidney,,,,,
USA,Red Zone (09356),ProVita Inc,USWA 33/ Foxfire,"Type 1a growth habit, days to maturity-93, Midseason maturity (90-100), days to flowering-43 (50% bloom)",,,,201500391,Light Red Kidney,,,,,
USA,RedKanner (Cornell 10195),Cornell University,Redkote/Redkloud,"late maturity (105 days), 1a bush-determinate, strong and erect stem and branches, 45 days to 50% bloom",,,,9900359,Light Red Kidney,,,,,
USA,Remington (ROG123),Novartis Seeds Inc,PT84347(RR812607-4)/RR812659-19,"Early-Mid Season maturity, days to maturity-91, 2b growth habit- erect, indeterminate, guides short or not developed, days to flowering-48 (50% bloom)","Bean common mosaic virus (NL8, NY15), anthracnose (alpha, 73)/Rust (40, 48, 53)",,rust (44),9600337,Pinto,,,,,
USA,Rio Rojo (NDZ6249),NDSU Research Foundation,Buster/VAX 3,"Medium maturity (100 days), 2a erect growth habit-indeterminate, guides (runners) short or not developed/adapted to direct harvest, 52 days to 50% bloom",,"rust (40-42, 52-57, 59-61, 20-4), anthracnose (Races 7 and 73), Bean common mosaic virus (NL-3)",common bacterial blight,201300090,Small Red,"Journal of Plant Registrations 2013, 7(2): 130-134",,,,
USA,Ronnie's Red (09360),"ProVita, Trinidad Benham Corp",USWA 33/Foxfire,"Medium maturity (93 days), 1a bush-determinate, strong and erect stem, and branches, adapted to direct harvest, 41 days to 50% bloom",,"rust, Bean common mosaic virus (NL8), curly top virus","bacterial brown spot, /common bacterial blight",201900047,Light Red Kidney,,,,,
USA,Rosetta (S08418),Michigan State University,S02754/S04503,"Medium maturity (96 days), 3a vine-indeterminate, short guides with no ability to climb, 43 days to 50% bloom",Bean common mosaic virus (NL3),,,,Pink,"Journal of Plant Registrations 2012, 6(3): 229-232",,,,
USA,Rosie (ND061106),NDSU Research Foundation,992-203-10/02-317,"late maturity (>100), days to maturity-106, 1a growth habit, days to flowering-43 (50% bloom)","rust (Most Mesoamerican races), anthracnose (73), Bean common mosaic virus (NL-3)",,"common bacterial blight, root rot, heat",201500066,Light Red Kidney,"Journal of Plant Registrations 2017, 11(1): 1-8",,,,
USA,RS 101,Ronald D,Single Selection from Olathe mutant seed,"Medium maturity (90-100), days to maturity-95, 2a growth habit-erect, indeterminate, guides short or not developed, days to flowering-41 (50% bloom)","Rust (40-42, 52-57, 59-61, 68-72, 76, 79, 82-84, 89-92, 95, 99)",Bean common mosaic virus,White Mold,8500149,Pinto,,,,,
USA,Ruby (09304),"ProVita, Inc",99238/Merlot,"Medium maturity (92 days), 2b erect growth habit-indeterminate, guides medium to long, with no ability to climb, adapted to direct harvest, 53 days to 50% bloom",,,,201400393,Small Red,,,,,
USA,Ryder (ROG013),"Syngenta Seeds, Inc",Ember/Pc 874-SPS4-5-1,"Early maturity (88 days), 2b erect growth habit-indeterminate, guides medium to long, with no ability to climb, adapted to direct harvest, 48 days to 50% bloom",Bean common mosaic virus (NL8),,,200500212,Small Red,,,,,
USA,Samurai (G12901),Michigan State University,G07321/Fuji,"Medium maturity (100 days), 2b erect growth habit-indeterminate, guides medium to long with no ability to climb, adapted to direct harvest, 45 days to 50% bloom",Bean common mosaic virus (All strains),"anthracnose (Race 73), Bean common mosaic necrosis virus (all strains), common bacterial blight (Michigan Isolate), rust (Michigan Isolate 22-2), white mold (Michigan Isolates)",,201700125,Otebo,"Journal of Plant Registrations 2016, 16(2): 109-114",,,,
USA,Santa Cruz (06189),"ADM Edible Bean Specialties, Inc",99-2221/La Paz,"Medium maturity (93 days), 2b erect growth habit-indeterminate, guides medium to long, with no ability to climb, adapted to direct harvest, 46 days to 50% bloom",,,,PV201300355,Pinto,,,,,
USA,Santa Fe (P04205),Michigan State University,P99119/G99750,"Medium maturity (91 days), 2a erect growth habit- indeterminate, guides (runners) short or not developed, adapted to direct harvest, 44 days to 50% bloom","anthracnose (Race 7), Bean common mosaic virus (All strains), rust (Michigan isolates, Race 53)","Bean common mosaic necrosis virus (All strains), common bacterial blight (Michigan Isolate)",white mold (Michigan isolates),201000269,Pinto,"Journal of Plant Registrations 2010, 4(1): 12-16",,,,
USA,Santiago (RNK278),Rogers Seed Co,AR83-2/781898,"Medium maturity (92 days), 2b erect growth habit- indeterminate, guides medium to long, with no ability to climb, adapted to direct harvest, 44 days to 50% bloom",Bean common mosaic virus,"rust (Races 41, 43, 44, 52), common bacterial blight","white mold, Fusarium root rot, curly top virus",9600019,Pinto,,,,,
USA,Sawtooth,University of Idaho,Matterhorn/Starlight//Beryl/Weihing,"Medium maturity (98 days), 3b vine-indeterminate, long guides with ability to climb, not adapted to direct harvest, 45 days to 50% bloom","Bean common mosaic virus (NY15, US6), Bean common mosaic necrosis virus (necrotic reaction), rust (Race 38)",,rust (Race 53),200900305,Great Northern,"Journal of Plant Registrations 2008, 2(3): 174-179",,,,
USA,Scout (23ST-27),North Dakota State University & USDA,Z0818-23/Stampede,"Medium maturity (100 days), 2b erect growth habit-indeterminate, guides medium to long with no ability to climb, not adapted to direct harvest, 45 days to 50% bloom",Bean common mosaic virus (NL3),"common bacterial blight, rust, anthracnose, white mold",,201700187,Slow Darkening Pinto,,,,,
USA,Seabiskit (N128420),Archer-Daniels-Midland Co,Crestwood/Rogers 331,"Medium maturity (95 days), 2b erect growth habit-indeterminate, guides medium to long, with no ability to climb, adapted to direct harvest, 59 days to 50% bloom",,,white mold,200600056,Navy,,,,,
USA,Seahawk (N97774),Michigan State University,Bunsi/Huron,"Medium maturity (97 days), 2b erect growth habit-indeterminate, guides medium to long, with no ability to climb, adapted to direct harvest, 45 days to 50% bloom","anthracnose (Race 7, 65), Bean common mosaic virus (all strains)","common bacterial blight (Michigan isolates), rust (Race 53)",white mold (Michigan isolates),200300283,Navy,,,,,
USA,Sedona (S00809),Michigan State University,X94076/R94142,"Mid-season maturity, days to maturity-93, 2b growth habit- erect, indeterminate, guides medium to long with no ability to climb, days to flowering-42 (50% bloom)","rust (Michigan isolates), Bean common mosaic virus (NL-1, NL-2, NL-7)",common bacterial blight (Michigan isolates),,200700410,Pink,"Crop Science 2006, 46(6): 2707-2708",,,,
USA,Shania (B201240),Archer-Daniels-Midland Co,T39/Midnight,"2a growth habit-erect, indeterminate, guides short or not developed, mid-season maturity, days to maturity-98, days to flowering-47 (50% bloom)","Bean common mosaic virus (I gene), rust (53), drought, air pollution","Bean common necrosis virus, anthracnose (Race 73), common bacterial blight","heat, cold",200800184,Black,,,,,
USA,Shiny Black Pearl,Colorado State University,ARA 13/UI 906//H9652-5,"Medium maturity (95 days), 2a erect growth habit- indeterminate, guides (runners) short or not developed, not adapted to direct harvest, 41 days to 50% bloom",Bean common mosaic virus (All strains),"rust (Race 53), common bacterial blight",,201100048,Black,"Bean Improvement Cooperative 2011, 212",,,,
USA,Shoshone (UIP 15-53),University of Idaho,UIP15= H9657-42-2/3/'Poncho'/G 17341//'Kodiak'/BelDakMi-RMR-14,"Mid-season maturity (90-100), days to maturity-94, 3b growth habit- vine, indeterminate, days to flowering-45 (50% bloom)","Bean common mosaic virus (NY15 & US6), Bean common necrosis virus (NL-3K), rust (38)",,"rust (53), Fusarium root rot, curly top virus, heat, drought",200900304,Pinto,"Journal of Plant Registrations 2008, 2(3): 180-186",,,,
USA,Sinaloa (06203),"AmeriSeed, LLC",01-3564-1/La Paz,"Early maturity (90 days), 2b erect growth habit- indeterminate, guides medium to long, with no ability to climb, adapted to direct harvest, 46 days to 50% bloom",rust (ur3 gene),,,201100007,Pinto,,,,,
USA,Snowden (K08961),Michigan State University,K04604/USDK-CBB-15,"Medium maturity (95 days), 1a bush-determinate, strong and erect stem and branches, not adapted to direct harvest, 36 days to 50% bloom","anthracnose (Races 73), Bean common mosaic virus (All strains)","Bean common mosaic necrosis virus (All strains), common bacterial blight (Michigan isolate), rust (Michigan isolate 22:2), white mold (Michigan isolates)",,201500009,White Kidney,"Journal of Plant Registrations 2012, 6(3): 238-242",,,,
USA,Sonora (99233),"AmeriSeed, LLC",PNE 6-94-75/Winchester,"Early maturity (89 days)/IIb erect growth habit-indeterminate, guides medium to long, with no ability to climb, adapted to direct harvest, 49 days to 50% bloom",rust,Bean common mosaic virus (All races),,200700296,Pinto,,,,,
USA,Stampede (ND020351),NDSU Research Foundation,94-029-01-01/BDM-RMR-14,"Mid-season maturity (90-100), days to maturity-96, 2a growth habit-erect, indeterminate, guides short or not developed, days to flowering-42 (50% bloom)","rust (40-42, 52-57, 59-61), Bean common mosaic virus (all races of necrotic strains), air pollution",white mold,,200800304,Pinto,"Journal of Plant Registrations 2010, 4(1): 5-11",,,,
USA,StayBright (COSD 35),Colorado State University,Long's Peak/CO 13484,"Medium maturity (98 days), upright growth habit, adapted to direct harvest, 45 days to 50% bloom","rust (Races 38, 39, 40, 44, 45, 46, 49, 50, 51, 52, 54, 56, 59, 72), Bean common mosaic virus (NY15, NL3, NL4, NL8)",,,201700230,Slow Darkening Pinto,,,,,
USA,Sundance (COSD 07),Colorado State University,CO 15542/Long's Peak,"Medium maturity (94 days), upright growth habit, adapted to direct harvest, 45 days to 50% bloom","rust (Race 38, 39, 40, 44, 45, 46, 49, 50, 51, 52, 54, 56, 59, 72), Bean common mosaic virus (NL3)",,,201700231,Slow Darkening Pinto,,,,,
USA,SV1893GH (12-NAV-1200),Seminis Vegetable Seeds Inc,Regent/RWR2381,"late maturity (>100), days to maturity-106, days to flowering-49 (50% bloom), Resistance: rust (Race 53), Bean common mosaic virus (I), Aphanomyces","rust (Race 53), Bean common mosaic virus (I), Aphanomyces",,,201500339,Navy,,,,,
USA,SV6139GR (12-PIN-1012),Seminis Vegetable Seeds Inc,Windbreaker/Medicine Hat,"upright short vine growth habit, late maturity, days to maturity- 101, days to flowering-49 (50% bloom)","rust (Race 53), Bean common mosaic virus (I)",,,201500316,Pinto,,,,,
USA,SV6533GR (12-PIN-1214),Seminis Vegetable Seeds Inc,Windbreaker/Medicine Hat,"late maturity (>100), days to maturity-101, days to flowering-47 (50% bloom), upright short vine growth habit","rust (Race 53), Bean common mosaic virus (I)",,,201500317,Pinto,,,,,
USA,SV6894GB (12-BKB-1213),Seminis Vegetable Seeds Inc,B01741/B0866,"upright determinate growth habit, late maturity (>100), days to maturity-104, days to flowering-49 (50% bloom)","Bean common mosaic virus (I gene resistance), anthracnose (Races 73, 105-Co2 gene resistance)",,,201500297,Black,,,,,
USA,SVS 0815 (EX 0850815),Seminis Vegetable Seeds Inc,97YT85/Matterhorn,"Medium maturity (96 days), 2b erect growth habit- indeterminate, guides medium to long, with no ability to climb, adapted to direct harvest, 45 days to 50% bloom","Bean common mosaic virus (I), rust (Race 53)",,,201000301,Great Northern,,,,,
USA,Talon (ND061210),NDSU Research Foundation,02-367-16-09-01///////Foxfire/01-471//////00-615/Montcalm/////92-229R-01/Redhawk////89-161-13/Montcalm///Montcalm/89-067//Red Kloud/I89005,"Mid-season maturity (90-100), days to maturity-100, 1a growth habit, days to flowering-43 (50% bloom)","rust (most Mesoamerican races), anthracnose (Race 73), Bean common mosaic virus (NL-3)",,"common bacterial blight, root rot",201500067,Dark Red Kidney,"Journal of Plant Registrations 2017, 11(1): 1-8",,,,
USA,Taurus (03138),"ProVita, Inc",Matterhorn/97-889-6,"Medium maturity (93 days), 2b erect growth habit-indeterminate, guides medium to long, with no ability to climb/adapted to direct harvest, 54 days to 50% bloom",,,,201400387,Great Northern,,,,,
USA,Topaz R (ROG123R),"Syngenta Seeds, Inc",BelDakMi-RMR-11/Topaz,"early maturity (83 days), 2b erect growth habit-indeterminate, guides medium to long, with no ability to climb/adapted to direct harvest, 44 days to 50% bloom","Bean common mosaic virus (NL8), rust (all known races except 108)",,,200500213,Pinto,,,,,
USA,Torreon (06206),"ProVita, ADM Edible Bean Specialties, Inc",01-3564-1/La Paz,"Early maturity (89 days), 2b erect growth habit-indeterminate, guides medium to long, with no ability to climb, adapted to direct harvest, 48 days to 50% bloom",,,,201600323,Pinto,,,,,
USA,Tuscola (MSU Strain #8467),Michigan State University,Single plant selection of a diallel cross with 10 true-breeding strains,"medium maturity (92 days), 1a bush-determinate, strong and erect stem, and branches","anthracnose (Race 2), halo bight, Bean common mosaic virus (NY 15)","rust, bacterial wilt, curly top virus, powdery mildew, root-knot nematode/yellow bean mosaic virus, Fusarium root rot",,7900075,Navy,,,,,
USA,UC Rio Zape,"University of California, Davis, Foundation Seed Program, UC Davis","1/64 Matterhorn, 63/64 Rio Zape","late maturity, highly viny race Durango type, very high yield potential in Southwestern USA, but may have low yields in other locations due to partial photoperiod sensitivity and selection in a dry climate",Bean common mosaic virus (I),,,public release,Heirloom-like dry bean,"Journal of Plant Registrations 2021, 15(1): 37-42",,,,
USA,UC Southwest Gold,"University of California, Davis, Foundation Seed Program, UC Davis",UCD Pink 9634/Zuni Gold,"Early maturity, compact indeterminate, high yield, heat tolerant",Bean common mosaic virus (I),,,public release,Heirloom-like dry bean,"Journal of Plant Registrations 2021, 15(1): 48-52",,,,
USA,UC Southwest Red,"University of California, Davis, Foundation Seed Program, UC Davis",UCD Pink 9634/Zuni Gold,"Early maturity, compact indeterminate, high yield, heat tolerant",Bean common mosaic virus (I),,,public release,Heirloom-like dry bean,"Journal of Plant Registrations 2021, 15(1): 21-27",,,,
USA,UC Sunrise,"University of California, Davis, Foundation Seed Program, UC Davis",UCD Pink 9634/Zuni Gold,"Medium maturity, heat tolerant, vine",Bean common mosaic virus (I),,,public release,Heirloom-like dry bean,"Journal of Plant Registrations 2021, 15(1): 43-47",,,,
USA,UC Tiger's Eye,"University of California, Davis, Foundation Seed Program, UC Davis","1/16 UC Canario 707, 15/16 Tiger's Eye","Early maturity, compact indeterminate, high yield, heat tolerant",Bean common mosaic virus (I),,,Public release,Heirloom-like dry bean,"Journal of Plant Registrations 2021, 15(1): 16-20",,,,
USA,Vero (C213259),Archer-Daniels-Midland Co,Etna/H9678-41,"Mid-season maturity (90-100), days to maturity-97, days to flowering-39 (50% bloom), 1a growth habit",,,,201500286,Cranberry,,,,,
USA,Vibrant (11258),"ADM Edible Bean Specialties, Inc",SDP1533/Sinaloa,"early maturity (90 days), 2b erect growth habit-indeterminate, guides medium to long, with no ability to climb/adapted to direct harvest/53 days to 50% bloom",,,,201400413,Pinto,,,,,
USA,Vigilant (02084),"ProVita, Inc",98-1570-1/Navigator,"early maturity (86 days), 2b erect growth habit-indeterminate, guides medium to long, with no ability to climb/adapted to direct harvest",,,,201200164,Navy,,,,,
USA,Viper (09303),ProVita Inc,Merlot/ 99238,"Type 2b growth habit, days to maturity-100, medium maturity (90-100), days to flowering-53 (50% bloom)",,,,201500389,Small Red,,,,,
USA,Vision (XP B310),Asgrow Seed Co,Midnight Black Turtle/Agate,"Medium maturity (90-100), days to maturity-92, 2b growth habit- erect, indeterminate, guides medium to long, with no ability to climb, days to flowering-50 (50% bloom)","rust (Race 40, 53)",Bean common mosaic virus (NY15),air pollution,9600130,Pinto,,,,,
USA,Vista (GTS 0286),"Gen-Tec Seeds, Limited",C-20/3/GTS 0181-1/Seafarer,"late maturity (102 days), 2a erect growth habit-indeterminate, guides (runners) short or not developed, adapted to direct harvest, 43 days to 50% bloom","Bean common mosaic virus (1, 15)/anthracnose (Alpha, Beta, Gamma, Delta)","common bacterial blight, Bean common mosaic necrosis",,9200046,Navy,,,,,
USA,Voyager (RNK303),"Novartis Seeds, Inc",Aurora/782253,"Medium maturity (90-100), days to maturity-92, 2b growth habit- bush-determinate, weak stem and branches, days to flowering-47 (50% bloom)",Bean common mosaic virus (Serotype B),anthracnose (Races Alpha & 73),anthracnose (Delta),9600020,Navy,,,,,
USA,Wallace (773-V98),Cornell University,CELRK/Red Kanner,"Early maturity (80-90), days to maturity- 89, 1a growth habit- bush-determinate, days to flowering- 38 (50% bloom",Bean common mosaic virus,"white mold, common bacterial blight","rust, heat, cold, drought",200900281,Light Red Kidney,,,,,
USA,Winchester (ROG171),Rogers Seed Co,86277/84350,"Early- mid-season maturity, days to maturity-92, 2b growth habit- erect, indeterminate, guides medium to long, with no ability to climb, days to flowering-43 (50% bloom)","rust (40, 54), anthracnose (Race Alpha), Bean common mosaic virus (Western, NL 4, NL 8, NY15, NL3)","anthracnose (Race 73), Bean common mosaic virus (NL5)",,9600338,Pinto,,,,,
USA,Windbreaker (XP 08530762),"Seminis Vegetable Seeds, Inc",Buster/Matterhorn,"Medium maturity (95 days), 2b erect growth habit-indeterminate, guides medium to long, with no ability to climb, adapted to direct harvest, 54 days to 50% bloom","Bean common mosaic virus, rust (Race 53)",,,200500105,Pinto,,,,,
USA,Yellowstone (Y16507),Michigan State University,PR1146-123/Y11405,"Medium maturity (94 days), 1a bush-determinate, strong and erect stem, and branches, 41 days to 50% bloom",,"anthracnose (Races 2 & 7), common bacterial blight",,,Yellow,"Journal of Plant Registrations 2021, 15(2): 265-270",,,,
USA,Zenith (B10244),Michigan State University,804644/Zorro,"medium maturity (100 days), 2a erect growth habit-indeterminate, guides (runners) short or not developed, adapted to direct harvest, 45 days to 50% bloom","anthracnose (Race 73), Bean common mosaic virus (non-necrotic strains)","rust, common bacterial blight, Bean common mosaic virus (BV1, NL4, Mexican, NY15, Florida)",,201700006,Black,"Journal of Plant Registrations 2015, 9(1): 5-20",,,,
USA,Zircon (D76063),Rogers Brothers Seed Co,Aurora/Adjutant,"medium maturity (93 days), 4a Indeterminate climbing, pods distributed throughout the plant, 47 days to first bloom",Bean common mosaic virus (BV1 & NY15),,,8200066,Small White,,,,,
USA,Zorro (B04554),Michigan State University,B00103//B00103/X00822,"medium maturity (96 days), 2a erect growth habit- indeterminate, guides (runners) short or not developed, adapted to direct harvest, 48 days to 50% bloom","anthracnose (Race 7), Bean common mosaic virus (all strains), rust (Michigan isolates)",Bean common mosaic necrosis (All strains),"common bacterial blight (Michigan Isolate), white mold (Michigan Isolate)",201000268,Black,"Journal of Plant Registrations 2009, 3(3): 226-230",,,,
Canada,OAC Thunder,University of Guelph- SeCan,Ex Rico SL 1351 / W84‑129,Yield ~3016 lbs/acre,Common Mosaic Virus R1,Anthracnose R17,,,White Navy,,2.6,3016 lbs/acre,93 days,22.7 g/100 seeds
Canada,Ex Rico 23,University of Guelph-SeCan,unknown,Yield ~2634 lbs/acre,Common Mosaic Virus R1,Anthracnose R23,,,White Navy,,,2634 lbs/acre,99 days,19.8 g/100 seeds
Canada,OAC Seaforth,University of Guelph-SeCan,Seafarer*6/PI 326418,Yield ~2027 lbs/acre,Common Mosaic Virus R1,,,,White Navy,,,2027 lbs/acre,90 days,20.1 g/100 seeds
Canada,OAC Rico,University of Guelph- SeCan,Ex-Rico 23*6/Narda,Yield ~2483 lbs/acre,Common Mosaic Virus R1,,,registered as a cultivar with License No. 2326 on May 2,White Navy,,,2483 lbs/acre,100 days,20.2 g/100 seeds
Canada,OAC Gryphon,University of Guelph,Ex Rico/5/Ex Rico 23,Yield ~3254 lbs/acre,Common Mosaic Virus R1,Anthracnose R73,,,White Navy,,4,3254 lbs/acre,96 days,20.4 g/100 seeds
Canada,OAC Silvercreek,University of Guelph,OAC Laser/Cran 74 Navigator,Yield ~3172 lbs/acre,Common Mosaic Virus R1,Anthracnose R73,,,White Navy,,3.7,3172 lbs/acre,95 days,21.4 g/100 seeds
Canada,OAC Rex,University of Guelph,HR20-738/3/ICA Pijao/PI 440795//Ex Rico 23,Yield ~3191 lbs/acre,Common Mosaic Virus R1,Anthracnose R17,,,White Navy.,,2.6,3191 lbs/acre,98 days,21.5 g/100 seeds
Canada,OAC Redstar,University of Guelph,Montcalm/AC Litekid//Cran09/Foxfire ///Chinook/AC Darkid //Generatif/OAC 90-C1,Yield ~2398 lbs/acre,Common Mosaic Virus R1,Anthracnose R23,,,Dark Red Kidney,,,2398 lbs/acre,97 days,59.2 g/100 seeds
Canada,OAC Lyrik,University of Guelph,AC Elk/AC Litekid,Yield ~2304 lbs/acre,Common Mosaic Virus R1,Anthracnose R23,,,Light Red Kidney,,,2304 lbs/acre,89 days,66.8 g/100 seeds
Canada,Lightning,University of Guelph-Hensall Co-op,Navigator/OAC Thunder//AC Compass/Silvercreek,Yield ~2845 lbs/acre,Common Mosaic Virus R1,Anthracnose R17,,,White Navy,,2.1,2845 lbs/acre,93 days,22.0 g/100 seeds
Canada,OAC Dublin,University of Guelph,OAC Rex/M97I082,Yield ~2965 lbs/acre,Common Mosaic Virus R1,Common Mosaic Virus R15,,,White Navy,,3.1,2965 lbs/acre,96 days,21.3 g/100 seeds
Canada,OAC Inferno,University of Guelph-Hensall Co-op,HR85/Montcalm//USWA-39/Litekid///Foxfire/Elk//Sacr/Calmont,Yield ~2550 lbs/acre,Common Mosaic Virus R1,Common Mosaic Virus R15,,,Light Red Kidney,,3.3,2550 lbs/acre,99 days,65.0 g/100 seeds
Canada,Dynasty,University of Guelph-Hensall Co-op,HR85/Montcalm//USWA-39/Litekid,Yield ~2399 lbs/acre,Common Mosaic Virus R1,Common Mosaic Virus R15,,,Dark Red Kidney,,2.9,2399 lbs/acre,94 days,64.6 g/100 seeds
Canada,Yeti,University of Guelph-Hensall Co-op,AC Calmont/PI 358207,Yield ~2162 lbs/acre,Common Mosaic Virus R1,Anthracnose R23,,,White Kidney,,2.7,2162 lbs/acre,95 days,58.5 g/100 seeds
Canada,Mist,University of Guelph-Hensall Co-op,spscbbr136/PI207262//ICB-10/Vax4///Speedvale/Avanti//99-1/Rex,Yield ~3163 lbs/acre,Common Mosaic Virus R1,Anthracnose R17,,,White Navy,,1.8571428571428574,3163 lbs/acre,97 days,23.2 g/100 seeds
Canada,Bolt,University of Guelph-Hensall Co-op,Rex/A98083//Compass/B98143///RESW2138/B981045//B91213/Kippen,Yield ~2777 lbs/acre,Common Mosaic Virus R1,Anthracnose R17,,,White Navy,,1.6,2777 lbs/acre,91 days,24.5 g/100 seeds
Canada,Fathom,University of Guelph-Hensall Co-op,spse087/spsbf019 (aka 11-5,Yield ~2762 lbs/acre,Common Mosaic Virus R1,,,,White Navy,,2.275,2762 lbs/acre,97 days,23.3 g/100 seeds
Canada,OAC Rosito,University of Guelph- Hensall Co-op,selected from an El Salvadoran landrace,Yield ~3327 lbs/acre,Common Mosaic Virus R1,Anthracnose R73,,,Small Red,,1.9,3327 lbs/acre,96 days,24.1 g/100 seeds
Canada,OAC Vortex,University of Guelph-Plovgh,HR199-4587/Zorro,Yield ~3669 lbs/acre,Common Mosaic Virus R1,Anthracnose R73,,,Black,,2.2,3669 lbs/acre,97 days,23.9 g/100 seeds
Canada,OAC Racer,University of Guelph-Plovgh,HR161/Etna,Yield ~2003 lbs/acre,Common Mosaic Virus R1,,,,Cranberry,,2.8,2003 lbs/acre,85 days,65.0 g/100 seeds
Canada,OAC Plasma,University of Guelph,Mist/H5211-36253,Yield ~3541 lbs/acre,Common Mosaic Virus R1,,,,White Navy,,2.4,3541 lbs/acre,94 days,22.3 g/100 seeds
Canada,OAC Jewel,University of Guelph,HR190-4849/Blush,Yield ~2162 lbs/acre,Anthracnose R73,,,,Light Red Kidney,,2.6,2162 lbs/acre,93 days,64.3 g/100 seeds
Canada,OAC Candycane,University of Guelph,HR161/Etna,Yield ~2348 lbs/acre,Common Mosaic Virus R1,,,,Cranberry,,2.2,2348 lbs/acre,90 days,67.3 g/100 seeds
Canada,Rogue,University of Guelph-Hensall Co-op,Apex/H5211-36253,Yield ~3250 lbs/acre,Common Mosaic Virus R1,,,,White Navy,,3.2,3250 lbs/acre,97 days,20.4 g/100 seeds
Canada,OAC Snowshoe,University of Guelph-Treasure Valley Seed Co.,Yeti/Dynasty,Yield ~2357 lbs/acre,Common Mosaic Virus R1,,,,White Kidney,,2.9,2357 lbs/acre,92 days,62.7 g/100 seeds
Canada,OAC Navabi,University Of Guelph- Treasure Valley Seed Co.,H5357C-42101///Capri/2793CBB//SAB68,Yield ~2226 lbs/acre,Common Mosaic Virus R1,,,,Cranberry,,2.3,2226 lbs/acre,83 days,61.2 g/100 seeds
Canada,OAC Jasper,University Of Guelph,Dynasty/Lighthouse,Yield ~1860 lbs/acre,Common Mosaic Virus R1,,,,Dark Red Kidney,,2.7,1860 lbs/acre,90 days,64.0 g/100 seeds
Canada,OAC Firestripe,University Of Guelph-Treasure Valley Seeds Co.,H5357C-42101//Red Rider/SAB685,Yield ~2212 lbs/acre,Common Mosaic Virus R1,,,,Cranberry,,2.2,2212 lbs/acre,89 days,68.5 g/100 seeds
Canada,Gallantry,University of Guelph-Hensall Co-op,Dynasty/H4713-34772,Yield ~2303 lbs/acre,Anthracnose R73,,,,Dark Red Kidney,,2.5,2303 lbs/acre,88 days,58.0 g/100 seeds
Canada,OAC Iceberg,University of Guelph,Inferno/Yeti,Yield ~2160 lbs/acre,Anthracnose R73,,,,White Kidney,,2.9,2160 lbs/acre,94 days,56.0 g/100 seeds
Canada,OAC Fusion,University Of Guelph- Plovgh,RWBX5172/ACUG 10-5,Yield ~2962 lbs/acre,Anthracnose R73,Common Blight,,,White Navy,,1.9,2962 lbs/acre,90 days,20.0 g/100 seeds
Canada,OAC Firebrand,University of Guelph/AAFC,ACUG11-D1/Inferno,Yield ~2518 lbs/acre,Anthracnose R73,,,,Light Red Kidney,,2.7,2518 lbs/acre,91 days,55.3 g/100 seeds
Canada,OAC Equinox,University of Guelph- Meridian Seeds,Mist/Apex,Yield ~3711 lbs/acre,,Anthracnose R73,,,White Navy,,1.8,3711 lbs/acre,97 days,25.8 g/100 seeds
Canada,OAC Charm,University of Guelph- Treasure Valley Seed Co.,ACUG11-B1/Mist,Yield ~3271 lbs/acre,Anthracnose R73,,,,White Navy,,2.0,3271 lbs/acre,93 days,23.0 g/100 seeds
Canada,OAC Award,University of Guelph,Mist/Apex,Yield ~3703 lbs/acre,,Anthracnose R73,,,White Navy,,2.4,3703 lbs/acre,97 days,23.1 g/100 seeds
Canada,OAC Seal,University of Guelph- Jefferies Seeds,Fathom/GF6-11-8,Yield ~2936 lbs/acre,Anthracnose race 73; moderately resistant to CBB,,,,White Navy,,2.7,2936 lbs/acre,98 days,23.7 g/100 seeds
Canada,OAC Souper,University of Guelph,Cirrus/Mist//Fleetwood/T9905,Yield ~3355 lbs/acre,Common Mosaic Virus R1,Anthracnose R73,,,White Navy,,2.8,3355 lbs/acre,102 days,22.1 g/100 seeds
Canada,Stavros,University of Guelph - Columbia Seed Co.,CBX9151ND/ACUG10-C1,Yield ~2349 lbs/acre,Common Mosaic Virus R1,,,,Cranberry,,1.8,2349 lbs/acre,85 days,51.7 g/100 seeds
Canada,OAC Sunrise,University of Guelph- Crooked Creek Acres,CBX9151ND/PI414807,Yield ~2619 lbs/acre,Anthracnose R73,Common Blight,,,Kintoki,,3.4,2619 lbs/acre,95 days,60.6 g/100 seeds
Canada,OAC Blaze,University of Guelph,16-NDP1/Stampede,Yield ~2384 lbs/acre,,Anthracnose R73,,,Non-darkening Pinto,,2.5,2384 lbs/acre,87 days,39.4 g/100 seeds
Canada,XPT One,University of Guelph- Columbia Seed Co.,16-NDP1/Stampede,Yield ~2495 lbs/acre,,Anthracnose R73,,under Application No. 22-10861,Non-darkening Pinto,,2.1,2495 lbs/acre,88 days,40.2 g/100 seeds
Canada,OAC Paint,University of Guelph,BLKX9205E/Stampede,Yield ~2745 lbs/acre,,Anthracnose R73,,,Non-darkening Pinto,,3.1,2745 lbs/acre,97 days,37.0 g/100 seeds
Canada,Umbra,University of Guelph,Zorro/W11WE194,Yield ~3710 lbs/acre,Common Mosaic Virus R1,Anthracnose R73,,,Black,,1.9,3710 lbs/acre,98 days,23.5 g/100 seeds
Canada,Steam,University of Guelph - Hensall Co-op,ACUG13-2/ACUG13-3,Yield ~3533 lbs/acre,Common Mosaic Virus R1,Anthracnose R73,,,White Navy,,1.9,3533 lbs/acre,97 days,22.2 g/100 seeds
Canada,OAC Volterra,University of Guelph,15-C2/15-C1,Yield ~2754 lbs/acre,Common Mosaic Virus R1,,,,Cranberry,,2,2754 lbs/acre,86 days,66.0 g/100 seeds
Canada,OAC Resilient,University of Guelph,ACUG12-8/SXB415,Yield ~3469 lbs/acre,Common Mosaic Virus R1,Common Blight,,,White Navy,,2,3469 lbs/acre,97 days,18.9 g/100 seeds
Canada,OAC Bechamel,University of Guelph,Not disclosed,Yield ~3430 lbs/acre,Common Mosaic Virus R1,,,,White Navy,,2.5,3430 lbs/acre,97 days,20.9 g/100 seeds
Canada,OAC Agate,University of Guelph,12-C1//W12HR582,Yield ~2757 lbs/acre,Common Mosaic Virus R1,,,,Cranberry,,2.3,2757 lbs/acre,85 days,61.0 g/100 seeds
Canada,Blast,University of Guelph- Hensall Co-op,W11WE194/Indi,Yield ~3446 lbs/acre,Common Mosaic Virus R1,Common Blight,,,White Navy,,2,3446 lbs/acre,95 days,21.7 g/100 seeds
Canada,Bannock,University of Guelph- Hensall Co-op,Zorro//F1 86 Zorro/Fathom,Yield ~3785 lbs/acre,Common Mosaic Virus R1,Anthracnose R73,,,Black,,1.6,3785 lbs/acre,98 days,23.5 g/100 seeds
Canada,OAC Tong,University of Guelph,12-D1/W12HR697,Yield ~1840 lbs/acre,Common Mosaic Virus R1,Common Mosaic Virus R15,,,Dark Red Kidney,,2.9,1840 lbs/acre,89 days,72.9 g/100 seeds
Canada,Eternal,University of Guelph- Hensall Co-op,PT9-6/W12HR1410,Yield ~1984 lbs/acre,,Anthracnose R73,,,Non-darkening Pinto,,3.3,1984 lbs/acre,89 days,36.4 g/100 seeds
Canada,OAC Endeavour,University of Guelph,W12HR693/Dynasty,Yield ~1911 lbs/acre,Common Mosaic Virus R1,Common Blight,,,Dark Red Kidney,,2.9,1911 lbs/acre,92 days,73.6 g/100 seeds
Canada,OAC Märzen,University of Guelph,Inferno/W12HR705,Yield ~1901 lbs/acre,Common Mosaic Virus R1,Common Mosaic Virus R15,,,Light Red Kidney,,4.4,1901 lbs/acre,92 days,68.4 g/100 seeds
Canada,OAC Toast,University of Guelph,La Paz/ACHR49580,Yield ~3743 lbs/acre,Common Mosaic Virus R1,Anthracnose R7,,,Pinto,,3.1,3743 lbs/acre,89 days,42.0 g/100 seeds
Canada,OAC Clever,University of Guelph- Columbia Seeds Co.,W12W2503/W12W2491,Yield ~3254 lbs/acre,Common Mosaic Virus R1,,,,White Navy,,2.1,3254 lbs/acre,91 days,19.8 g/100 seeds
Canada,OAC Storm,University of Guelph,W11WE229/W12W1965,Yield ~3006 lbs/acre,Common Mosaic Virus R1,,,,White Navy,,1.8,3006 lbs/acre,89 days,19.5 g/100 seeds
Canada,OAC Spades,University of Guelph,W12B1684/W12W1965,Yield ~3376 lbs/acre,Common Mosaic Virus R1,,,,Black,,1.5,3376 lbs/acre,92 days,24.3 g/100 seeds
Canada,OAC Rev,University of Guelph,Dynasty/K12HR877,Yield ~2975 lbs/acre,Common Mosaic Virus R1,Common Blight,,,Dark Red Kidney,,3.5,2975 lbs/acre,98 days,69.8 g/100 seeds
Canada,Sundust,University of Guelph,Not disclosed,Yield ~1955 lbs/acre,,Anthracnose R73,,,Otebo,,3.8,1955 lbs/acre,95 days,27.6 g/100 seeds
Canada,Stardust,University of Guelph,13-01/Samurai,Yield ~2617 lbs/acre,,Anthracnose R73,,,Otebo,,3.2,2617 lbs/acre,101 days,29.0 g/100 seeds
Canada,OAC Glacier,University of Guelph,Fuji/Samurai,Yield ~2336 lbs/acre,,Anthracnose R73,,,Otebo,,2.6,2336 lbs/acre,101 days,27.0 g/100 seeds
Canada,Yolk,University of Guelph- Hensall Co-op,13-C1/28-1,Yield ~3276 lbs/acre,Anthracnose R73,,,,Yellow,,3.7,3276 lbs/acre,107 days,61.5 g/100 seeds
Canada,Yak,University of Guelph- Hensall Co-op,C12HR107/28-1,Yield ~2792 lbs/acre,,Anthracnose R73,,,Yellow,,3.1,2792 lbs/acre,102 days,57.6 g/100 seeds
Canada,Wake,University of Guelph- Hensall Co-op,ACUG 16-3/ACUG 15-3,Yield ~3089 lbs/acre,Common Mosaic Virus R1,Anthracnose R73,,,White Navy,,2.8,3089 lbs/acre,88 days,22.3 g/100 seeds
Canada,OAC Copperhead,University of Guelph,51830/Inferno,Yield ~2360 lbs/acre,Common Mosaic Virus R1,,,,Light Red Kidney,,4.1,2360 lbs/acre,89 days,49.4 g/100 seeds
Canada,Marker,University of Guelph,Indi / ACUG12-B1,Yield ~ 3135 lbs/acre,,,,,White Navy,,2.2,3135 lbs/acre,99 days,21.7 g/100 seeds
Canada,Epic,Trinity Genetics (distributor),02-2668/Red Hawk,Maturity ~94 days,anthracnose Race 6,Anthracnose (Race 73) PVP/Patent #: PVP#: 201600108,,PVP#: 201600108,Dark Red Kidney,,3.2,,94 days,63 g per 100 seeds
Canada,Majesty,Agriculture and Agri-Food Canada (AAFC),,Yield ~ 2231 lbs/acre Maturity ~97 days,BCMV(race 1 and 15),Anthracnose (race 23 and 73) PVP/Patent #: PBR 04-4182,,PBR 04-4182,Dark Red Kidney,,1.8,2231 lbs/acre Maturity ~97 days,97 days,73 g per 100 seeds
Canada,AAC Shock,Agriculture and Agri-Food Canada (AAFC)-Hensall Co-op,HR164/W4170a-96060,Yield ~3144 lbs/acre,Common Bacterial Blight and Bean Common Mosaic Virus races 1 & 15,,,,White Navy,,1.8,3144 lbs/acre,104 days,23.4g per 100 seeds
Canada,AAC Argosy,Agriculture and Agri-Food Canada (AAFC),Rex/SWX2045,Yield ~3222 lbs/acre,Common Bacterial Blight and Bean Common Mosaic Virus (races 1 & 15),Anthracnose,,,White Navy,,2.3,3222 lbs/acre,103 days,23.9 g per 100 seeds
Canada,Nautica,Hensall Co-op,OAC Laser/HR20-827/Ex Rico 23/Midnight,Yield ~3141.4 lbs/acre,white mold,anthracnose,,,White Navy,,2,3141.4 lbs/acre,95 days,19.1 g per 100 seeds
Canada,Lighthouse,University of Guelph-R.T. Bolton,spscbbr136/PI 207262//ICB-10/Vax4///Speedvale/Avanti//99-1/Rex,Yield ~3785 lbs/acre,Common Bacterial Blight,Anthracnose race 73,,,White Navy,,1.9,3785 lbs/acre,102 days,22.6 g per 100 seeds
Canada,AAC Scotty,Agriculture and Agri-Food Canada (AAFC)-Canterra Seeds (Canada) and Meridian Seeds (USA),Hooter/SVM Taylor Hort//Etna,Yield ~1,anthracnose races 73 and 105,,,CFIA Reg. No. 8374; PVP granted in U.S.,Cranberry,,N/A Resistance: anthracnose races 73 and 105,1,97 days,42.8 g per 100 seeds
Canada,AAC Cranford,Agriculture and Agri-Food Canada (AAFC),Cran 09/W06-043,Yield ~ 2917.426 lbs/acre,,Moderately susceptible to white mold,,,Cranberry,,1.7,2917.426 lbs/acre,100 days,62.3 g per 100 seeds
Canada,AAC Portage,AAFC (Agriculture and Agri-Food Canada)- Canterra Seeds,Hooter/SVM Taylor Hort//Etna,Yield ~ 2,anthracnose (races 73 and 105),,,,White Navy,,N/A Resistance: anthracnose (races 73 and 105),2,97 days,42.8 g per 100 seeds
Canada,S09-27C,Agriculture and Agri-Food Canada (AAFC),,Yield ~ lbs/acre,anthracnose (race 73) and common bacterial blight,Anthracnose race 105,,,Navy bean,,,lbs/acre,97 days,18.5 g per 100 seeds
Canada,Carman Black,Agriculture and Agri-Food Canada (AAFC)- Canterra Seeds,BLR903/CDC Expresso/UI 906,Yield ~ 2270 lbs/acre,,,,,Black,,,2270 lbs/acre,108 days,22.2 g per 100 seeds
Canada,AAC Black Diamond 2,Agriculture and Agri-Food Canada (AAFC),AC Black Diamond × 5 backcrosses to OAC Rex,Yield ~2670 lbs/acre,Common bacterial blight,White mold and anthracnose races 73 and 105,,,Black,,,2670 lbs/acre,105 days,24.6g per 100 seeds
Canada,CR10875-6-2,Agriculture and Agri-Food Canada (AAFC),,Yield ~ lbs/acre,Anthracnose race 73,White Mold and Common Bacterial Blight,,,Pinto,,,lbs/acre,98 days,45.5 g per 100 seeds
Canada,AAC Burdett,Agriculture and Agri-Food Canada (AAFC),L04B818/Agrinto,Yield ~ 3274.297 lbs/acre,White mold,,,,Pinto,,,3274.297 lbs/acre,97 days,34.4 g per 100 seeds
Canada,AAC Expedition,Agriculture and Agri-Food Canada (AAFC),W06-121/Island,Yield ~ 3693 lbs/acre,Anthracnose (race 73 and 105) and white mold,Common bacterial blight,,,Pinto,,,3693 lbs/acre,97 days,40.7 g per 100 seeds
Canada,AAC Tundra,Agriculture and Agri-Food Canada (AAFC),L99E247/354B-5,Yield ~ 3283 lbs/acre,White mold (moderately),Anthracnose (race 73 and 105),,,Slow-darkening pinto,,,3283 lbs/acre,105 days,32.5 g per 100 seeds
Canada,AAC Whitestar,Agriculture and Agri-Food Canada (AAFC),L04E494/Resolute,Yield ~ 3434 lbs/acre,White mold,Anthracnose (race 73 and 105),,,Navy bean,,,3434 lbs/acre,98 days,36.9 g per 100 seeds
Canada,Resolute,Agriculture and Agri-Food Canada (AAFC),83B352/5/GN Star*2/ 3/Redkloud/Kentwood/ 2/Swan Valley/4/GN Star*2 /3/Redkloud/Kentwood/ 2/Swan Valley/ 6/Sask 92070.,Yield ~1837 lbs/acre,Bacterial wilt,Anthracnose (Delta,,,Great northern,,,1837 lbs/acre,98.5 days,32.9 g per 100 seeds
Canada,AAC Y012,Agriculture and Agri-Food Canada (AAFC),PI 406158/Peruano,Yield ~ 2453 lbs/acre,,Anthracnose (race 73 and 105),,,Yellow,,,2453 lbs/acre,102 days,41.6 g per 100 seeds
Canada,AAC Y015,Agriculture and Agri-Food Canada (AAFC),PI 406158/Peruano,Yield ~ 2328 lbs/acre,,Anthracnose (race 73 and 105),,,Yellow,,,2328 lbs/acre,102 days,42.6 g per 100 seeds
Canada,AAC Y073,Agriculture and Agri-Food Canada (AAFC),W08-109/CDC 2253-4,Yield ~ 2774 lbs/acre,White mold,Anthracnose (race 73 and 105),,,Yellow,,,2774 lbs/acre,96 days,43.2 g per 100 seeds
Canada,AAC PT600,Agriculture and Agri-Food Canada (AAFC),AAC Burdett/L11PS252,Yield ~ 3357 lbs/acre,Anthracnose,Common bacterial blight,,,Pinto,,,3357 lbs/acre,96 days,39 g per 100 seeds
Canada,Harohawk,Agriculture and Agri-Food Canada (AAFC),Raven and H2895-B67278,Yield ~2298 lbs/acre,Bean common mosaic virus,Anthracnose race 17,,,Black,,,2298 lbs/acre,96 days,21.1 g per 100 seeds
Canada,Harblack,Agriculture and Agri-Food Canada (AAFC),Snowflake and Midnight,Yield ~2455 lbs/acre,anthracnose race 73,,,,Black,,,2455 lbs/acre,89 days,20.2 g per 100 seeds
Canada,Black Violet,Agriculture and Agri-Food Canada (AAFC),,Yield ~ 2890 lbs/acre,White mould,anthracnose races 73 and 17,,,Black,,,2890 lbs/acre,106 days,19.7g per 100 seeds
Canada,Red Rider,Agriculture and Agri-Food Canada (AAFC),SVM Taylor Horticulture and Dolly cranberry,Yield ~ 2572 lbs/acre,Bean common mosaic virus (race 15),Anthracnose,,,Cranberry,,,2572 lbs/acre,96 days,63.7g g per 100 seeds
Canada,CDC Blackstrap,University of Saskatchewan,Not disclosed,Yield ~1700 lbs/acre,Common bacterial blight,Anthracnose (races 73 and 105),,PBR ’91,Black,,,1700 lbs/acre,,19.5 g per 100 seeds
Canada,Wolfe,Gowan Seeds,Not disclosed,,,,,PBR Certificate #0550 (Application #96‑975),,,,,,
Canada,Cirrus,W.G. Thompson & Sons Ltd,Not disclosed,,,,,Application #02-3221,,,,,,
Canada,CDC WM-3,University of Saskatchewan,derived from bulked F₂ selection,Yield ~ 2,,,,PBR Certificate #6424 (Application #18-9454),Pinto (slow-darkening),,,2,78 days,36 g per 100 seeds
Canada,CDC Superjet,University of Saskatchewan,Not disclosed,Yield ~ 2663 lbs/acre,Bacterial blight,Anthracnose races 73 and 105 and white mold,,,Black,,,2663 lbs/acre,110 days,17 g per 100 seeds
Canada,CDC Jet,University of Saskatchewan,Not disclosed,Yield ~ 2200 lbs/acre,,Anthracnose,,,Black,,,2200 lbs/acre,110 days,17 g per 100 seeds
Canada,CDC WM-2,University of Saskatchewan,Minto/3/Minto/Weihing//Minto/OAC Rex/4/CDC WM-1*3 /6/ Minto*2/5/ CDC WM-1/4/ Minto /3/ Minto/Weihing//Minto/OAC Rex,Yield ~1722 lbs/acre,Common bacterial blight,,,PBR '91,Pinto,,,1722 lbs/acre,95 days,36.5 g per 100 seeds
Canada,CDC Whitetrack,University of Saskatchewan,(1190m-13 × OAC 95-4) F₂ / (2558-19 × UDO303684) F₁,Yield ~ lbs/acre,,,,,Navy,,,lbs/acre,,
Canada,CDC Turtle Mountain,University of Saskatchewan,Derived from a three-way cross (CDC Blackstrap × AG11155) // backcross to CDC Blackstrap,Yield ~ lbs/acre,Common bacterial blight SU91 marker,,,Canadian PBR Application No. 22-11050,Black,,,lbs/acre,95 days,22.3 g per 100 seeds
Canada,CDC Sunburst,University of Saskatchewan,Not disclosed,Yield ~ 2,,,,,Yellow,,,2,96 days,40.5 g per 100 seeds
Canada,CDC Sol,University of Saskatchewan,Not disclosed,Yield ~ 2244–2693 lbs/acre,Common bacterial blight,,,,Yellow,,1.9,2244–2693 lbs/acre,102 days,39.9 g per 100 seeds
Canada,CDC Ray,University of Saskatchewan,Mejorado/ 2818B-1-2-F4,,,,,PBR Certificate #5805,Flor de Junio,,,,,
Canada,CDC Floral,University of Saskatchewan,Not disclosed,,,,,Application #21-10590,N/A.,,,,,
Canada,CDC Amarilla,University of Saskatchewan,Not disclosed,,,,,Application #25-12020,N/A.,,,,,
Canada,AAC Alberta North,Agriculture & Agri-Food Canada (AAFC),Not disclosed,,,,,Application #25-12009,,,,,,
Canada,4767CBB-6-2,University of Saskatchewan,Not disclosed,,,,,Application #21-10590,,,,,,
Canada,3850-1,University of Saskatchewan,Not disclosed,,,,,Application #17-9202,,,,,,
Canada,3458-7,University of Saskatchewan,Not disclosed,,,,,Application #14-8322,,,,,,
Canada,Island,Agriculture and Agri-Food Canada (AAFC),X99-011 (64-68-8/L98B359),Yield ~ 3,White mold,Anthracnose (races 73 and 1096),,Registration no. 6228,Pinto,,,3,102 days,38.5 g per 100 seeds
Canada,CDC Marmot,University of Saskatchewan,Not disclosed,Yield ~ 109% of CDC Pintium lbs/acre,,,,,Pinto,,,109% of CDC Pintium lbs/acre,Early,36.7 g per 100 seeds
Canada,CDC Pintium,University of Saskatchewan,Not disclosed,Yield ~ 2,,Anthracnose (races 73 & 105),,,Pinto,,,2,105 days,37 g per 100 seeds
Canada,AC Redbond,Agriculture and Agri-Food Canada (AAFC),Ember/3/2*NW63 // Redkloud / Kentwood,Yield ~ 2,White mold,Common bacterial blight,,,Small Red,,,2,99 days,32.4 g per 100 seeds
Canada,Canadian Wonder,Wildrose Heritage Seed Company,originating in Canada before 1873,,,Bean common mosaic virus,,,Red kidney,,,,,
Canada,Beka,Traditional Canadian heirloom genotype,Not disclosed,,,common fungal and bacterial diseases,,,Golden brown,,,,,
